{
  "summary": {
    "consensus": {
      "field_completeness": {
        "mean": 0.9975806333719508,
        "median": 1.0,
        "stdev": 0.007312091282191055,
        "min": 0.9354838709677419,
        "max": 1.0,
        "count": 1268
      },
      "total_fields": {
        "mean": 99.75,
        "median": 97.0,
        "stdev": 8.767169421683848,
        "min": 91,
        "max": 154,
        "count": 1268
      },
      "non_null_fields": {
        "mean": 99.51577287066246,
        "median": 97.0,
        "stdev": 8.864973444814073,
        "min": 87,
        "max": 154,
        "count": 1268
      },
      "total_array_items": {
        "mean": 55.78706624605678,
        "median": 56.0,
        "stdev": 6.6611827680469355,
        "min": 31,
        "max": 84,
        "count": 1268
      },
      "mnemonic_count": {
        "mean": 1.9637223974763407,
        "median": 2.0,
        "stdev": 0.673275651444978,
        "min": 1,
        "max": 5,
        "count": 1268
      },
      "flashcard_count": {
        "mean": 4.597791798107256,
        "median": 5.0,
        "stdev": 0.5694635431187477,
        "min": 3,
        "max": 6,
        "count": 1268
      },
      "common_mistakes_count": {
        "mean": 3.5694006309148265,
        "median": 4.0,
        "stdev": 0.6096389297673186,
        "min": 2,
        "max": 5,
        "count": 1268
      },
      "step_count": {
        "mean": 6.985804416403785,
        "median": 7.0,
        "stdev": 1.859667137492447,
        "min": 4,
        "max": 29,
        "count": 1268
      },
      "formulas_count": {
        "mean": 6.686119873817034,
        "median": 7.0,
        "stdev": 2.510762266417945,
        "min": 0,
        "max": 14,
        "count": 1268
      },
      "total_text_length": {
        "mean": 1676.0552050473186,
        "median": 1555.0,
        "stdev": 777.1459898949641,
        "min": 382,
        "max": 5268,
        "count": 1268
      },
      "confidence": {
        "mean": 0.9580283911671924,
        "median": 0.97,
        "stdev": 0.033676006062296024,
        "min": 0.64,
        "max": 0.99,
        "count": 1268
      },
      "classification_confidence": {
        "mean": 0.946648264984227,
        "median": 0.95,
        "stdev": 0.022089991844422067,
        "min": 0.8,
        "max": 1.0,
        "count": 1268
      },
      "score": {
        "mean": 3.9742665615141957,
        "median": 3.9,
        "stdev": 1.0916680277427495,
        "min": 1.44,
        "max": 7.0,
        "count": 1268
      }
    },
    "best_of_n": {
      "field_completeness": {
        "mean": 0.9906783049701995,
        "median": 1.0,
        "stdev": 0.01523431427457127,
        "min": 0.8522727272727273,
        "max": 1.0,
        "count": 1268
      },
      "total_fields": {
        "mean": 89.7910094637224,
        "median": 91.0,
        "stdev": 4.888142435559023,
        "min": 39,
        "max": 97,
        "count": 1268
      },
      "non_null_fields": {
        "mean": 88.96529968454259,
        "median": 90.0,
        "stdev": 5.17251503130808,
        "min": 38,
        "max": 95,
        "count": 1268
      },
      "total_array_items": {
        "mean": 46.66719242902208,
        "median": 48.0,
        "stdev": 7.917867419402092,
        "min": 0,
        "max": 71,
        "count": 1268
      },
      "mnemonic_count": {
        "mean": 1.138801261829653,
        "median": 1.0,
        "stdev": 0.7182209549358078,
        "min": 0,
        "max": 3,
        "count": 1268
      },
      "flashcard_count": {
        "mean": 4.070977917981073,
        "median": 4.0,
        "stdev": 0.8351077077179327,
        "min": 0,
        "max": 6,
        "count": 1268
      },
      "common_mistakes_count": {
        "mean": 3.1317034700315456,
        "median": 3.0,
        "stdev": 0.7491144577438706,
        "min": 0,
        "max": 5,
        "count": 1268
      },
      "step_count": {
        "mean": 6.228706624605678,
        "median": 6.0,
        "stdev": 1.5371421218655166,
        "min": 0,
        "max": 29,
        "count": 1268
      },
      "formulas_count": {
        "mean": 5.2657728706624605,
        "median": 5.0,
        "stdev": 2.411403214678589,
        "min": 0,
        "max": 14,
        "count": 1268
      },
      "total_text_length": {
        "mean": 1264.0252365930598,
        "median": 916.0,
        "stdev": 853.2357822272522,
        "min": 43,
        "max": 6081,
        "count": 1268
      },
      "confidence": {
        "mean": 0.9927902208201893,
        "median": 1.0,
        "stdev": 0.017955707117914284,
        "min": 0.9,
        "max": 1.0,
        "count": 1268
      },
      "classification_confidence": {
        "mean": 0.946648264984227,
        "median": 0.95,
        "stdev": 0.022089991844422067,
        "min": 0.8,
        "max": 1.0,
        "count": 1268
      },
      "score": {
        "mean": 3.4285714285714284,
        "median": 3.0,
        "stdev": 1.5157555985738485,
        "min": 1,
        "max": 8,
        "count": 1260
      }
    },
    "models": {
      "claude_sonnet_4.5": {
        "field_completeness": {
          "mean": 0.9919833763575734,
          "median": 1.0,
          "stdev": 0.012069024636326801,
          "min": 0.8888888888888888,
          "max": 1.0,
          "count": 1268
        },
        "total_fields": {
          "mean": 88.91403785488959,
          "median": 89.0,
          "stdev": 4.257092148928607,
          "min": 69,
          "max": 100,
          "count": 1268
        },
        "non_null_fields": {
          "mean": 88.2018927444795,
          "median": 89.0,
          "stdev": 4.349955361555366,
          "min": 68,
          "max": 99,
          "count": 1268
        },
        "total_array_items": {
          "mean": 34.61198738170347,
          "median": 35.0,
          "stdev": 6.631767904124339,
          "min": 8,
          "max": 57,
          "count": 1268
        },
        "mnemonic_count": {
          "mean": 1.0047318611987381,
          "median": 1.0,
          "stdev": 0.16374564185698723,
          "min": 0,
          "max": 2,
          "count": 1268
        },
        "flashcard_count": {
          "mean": 2.9014195583596214,
          "median": 3.0,
          "stdev": 0.42669176244460616,
          "min": 0,
          "max": 6,
          "count": 1268
        },
        "common_mistakes_count": {
          "mean": 2.4337539432176656,
          "median": 2.0,
          "stdev": 0.5586623803985022,
          "min": 0,
          "max": 3,
          "count": 1268
        },
        "step_count": {
          "mean": 5.591482649842272,
          "median": 5.0,
          "stdev": 2.0687451276108546,
          "min": 3,
          "max": 20,
          "count": 1268
        },
        "formulas_count": {
          "mean": 3.69794952681388,
          "median": 4.0,
          "stdev": 2.259648202492808,
          "min": 0,
          "max": 14,
          "count": 1268
        },
        "total_text_length": {
          "mean": 769.0007886435332,
          "median": 729.0,
          "stdev": 245.5300163924032,
          "min": 287,
          "max": 2079,
          "count": 1268
        },
        "confidence": {
          "mean": 0.9168769716088329,
          "median": 0.9,
          "stdev": 0.023984222773418554,
          "min": 0.85,
          "max": 0.95,
          "count": 1268
        },
        "classification_confidence": {
          "mean": 0.946648264984227,
          "median": 0.95,
          "stdev": 0.022089991844422067,
          "min": 0.8,
          "max": 1.0,
          "count": 1268
        },
        "score": {
          "mean": 5.243844320889595,
          "median": 6,
          "stdev": 1.3128143634388174,
          "min": 2,
          "max": 7,
          "count": 1259
        }
      },
      "deepseek_r1": {
        "field_completeness": {
          "mean": 0.9951372197055612,
          "median": 1.0,