{
  "node_count": 37970,
  "edge_count": 55153,
  "density": 3.82559846220833e-05,
  "connected_components": 379,
  "giant_component_size": 36052,
  "giant_component_percent": 94.94864366605215,
  "top_concepts_pagerank": [
    [
      "Partial Derivatives",
      0.00012769075499180485
    ],
    [
      "Basic Arithmetic",
      0.00012184287441835431
    ],
    [
      "Isentropic flow relations",
      0.00011158915393405099
    ],
    [
      "Newton's Laws of Motion",
      0.00011017490057709965
    ],
    [
      "Newton's Law of Gravitation",
      0.00010527265568304127
    ],
    [
      "Separation of Variables",
      0.00010480904381193293
    ],
    [
      "Lift Coefficient Calculation",
      9.953611584251733e-05
    ],
    [
      "Basic arithmetic operations",
      9.852532420836316e-05
    ],
    [
      "Partial Differentiation",
      9.369218162749691e-05
    ],
    [
      "Compressible Flow Principles",
      9.14272187473804e-05
    ],
    [
      "Kepler's Laws of Planetary Motion",
      8.832269101169987e-05
    ],
    [
      "Velocity Triangles",
      8.749815940107285e-05
    ],
    [
      "Differentiation Rules",
      8.362643014018588e-05
    ],
    [
      "Numerical Calculation",
      8.316484359815752e-05
    ],
    [
      "Aircraft Design for Stability",
      8.030711905911007e-05
    ],
    [
      "Normal Shock Wave Theory",
      7.858768496848654e-05
    ],
    [
      "Dimensional Analysis",
      7.829628420697562e-05
    ],
    [
      "Curve Sketching",
      7.826443750664644e-05
    ],
    [
      "Pitching Moment Coefficient",
      7.757030460771506e-05
    ],
    [
      "Compressible Flow Fundamentals",
      7.726912050886663e-05
    ]
  ],
  "avg_degree": 2.905082960231762,
  "max_degree": 4912,
  "is_acyclic": false,
  "cycle_count": 5
}